year,month,day,fog,rain,snow,precipi,snowfalli,meantempi
2013,01,01,0,0,0,0.00,0.00,33
2013,01,02,0,0,0,0.00,0.00,28
2013,01,03,0,0,0,0.00,0.00,28
2013,01,04,0,0,0,0.00,0.00,34
2013,01,05,0,0,0,0.00,0.00,37
2013,01,06,0,0,0,T,T,40
2013,01,07,0,0,0,0.00,0.00,41
2013,01,08,0,0,0,0.00,0.00,42
2013,01,09,0,0,0,0.00,0.00,44
2013,01,10,0,0,0,0.00,0.00,44
2013,01,11,0,1,0,0.55,0.00,42
2013,01,12,0,1,0,0.02,0.00,45
2013,01,13,1,0,0,0.00,0.00,47
2013,01,14,1,1,0,0.09,0.00,47
2013,01,15,0,1,0,0.12,0.00,37
2013,01,16,0,1,0,0.69,T,35
2013,01,17,0,0,0,0.00,0.00,39
2013,01,18,0,0,0,0.00,0.00,30
2013,01,19,0,0,0,0.00,0.00,41
2013,01,20,0,0,0,0.00,0.00,42
2013,01,21,0,0,0,0.00,0.00,29
2013,01,22,0,0,0,T,T,20
2013,01,23,0,0,0,0.00,0.00,16
2013,01,24,0,0,0,0.00,0.00,17
2013,01,25,0,0,1,0.07,1.50,19
2013,01,26,0,0,0,0.00,0.00,21
2013,01,27,0,0,0,0.00,0.00,27
2013,01,28,0,1,1,0.22,T,33
2013,01,29,0,1,0,0.06,0.00,43
2013,01,30,1,1,0,0.04,0.00,49
2013,01,31,1,1,0,0.90,0.00,46
2013,02,01,0,0,0,0.00,0.00,28
2013,02,02,0,0,1,0.02,0.10,24
2013,02,03,0,0,1,0.02,0.30,27
2013,02,04,0,0,0,0.00,0.00,27
2013,02,05,0,0,1,0.02,0.40,30
2013,02,06,0,0,0,0.00,0.00,34
2013,02,07,0,0,0,0.00,0.00,29
2013,02,08,1,1,1,1.15,6.30,31
2013,02,09,1,0,1,0.38,0.00,27
2013,02,10,0,0,0,0.00,0.00,27
2013,02,11,1,1,0,0.49,0.00,40
2013,02,12,0,0,0,0.00,0.00,40
2013,02,13,0,0,1,0.03,T,39
2013,02,14,0,0,1,T,T,40
2013,02,15,0,0,0,0.00,0.00,46
2013,02,16,0,0,1,0.02,T,36
2013,02,17,0,0,0,0.00,0.00,25
2013,02,18,0,0,0,0.00,0.00,26
2013,02,19,0,1,0,0.15,0.00,41
2013,02,20,0,0,0,0.00,0.00,32
2013,02,21,0,0,0,0.00,0.00,29
2013,02,22,0,0,0,0.00,0.00,32
2013,02,23,0,1,0,0.26,0.00,39
2013,02,24,0,0,0,0.01,0.00,41
2013,02,25,0,0,0,0.00,0.00,39
2013,02,26,0,1,0,0.14,0.00,40
2013,02,27,0,1,0,1.56,0.00,42
2013,02,28,0,1,0,T,0.00,45
2013,03,01,0,0,0,0.00,0.00,41
2013,03,02,0,0,1,T,T,36
2013,03,03,0,0,1,T,T,35
2013,03,04,0,0,0,0.00,0.00,35
2013,03,05,0,0,0,0.00,0.00,40
2013,03,06,0,0,0,0.00,0.00,40
2013,03,07,0,0,1,0.19,T,36
2013,03,08,1,0,1,0.56,4.00,37
2013,03,09,0,0,0,0.00,0.00,45
2013,03,10,0,0,0,0.00,0.00,43
2013,03,11,0,0,0,0.00,0.00,47
2013,03,12,0,1,0,0.79,0.00,50
2013,03,13,0,0,0,0.00,0.00,45
2013,03,14,0,0,0,0.00,0.00,35
2013,03,15,0,0,0,0.00,0.00,39
2013,03,16,1,0,1,0.12,0.30,37
2013,03,17,0,0,0,0.00,0.00,34
2013,03,18,1,1,1,0.60,3.00,32
2013,03,19,0,1,0,0.36,0.00,38
2013,03,20,0,0,0,T,T,39
2013,03,21,0,0,1,T,T,35
2013,03,22,0,0,0,0.00,0.00,35
2013,03,23,0,0,0,0.00,0.00,39
2013,03,24,0,0,0,0.00,0.00,40
2013,03,25,0,1,1,0.17,T,38
2013,03,26,0,0,0,0.00,0.00,45
2013,03,27,0,0,0,0.00,0.00,45
2013,03,28,0,0,0,T,0.00,44
2013,03,29,0,0,0,0.00,0.00,48
2013,03,30,0,0,0,0.00,0.00,50
2013,03,31,0,1,0,0.08,0.00,49
2013,04,01,0,1,0,T,0.00,50
2013,04,02,0,0,0,0.00,0.00,38
2013,04,03,0,0,0,0.00,0.00,40
2013,04,04,0,0,0,0.00,0.00,43
2013,04,05,0,0,0,0.00,0.00,53
2013,04,06,0,0,0,0.00,0.00,44
2013,04,07,0,0,0,0.00,0.00,48
2013,04,08,0,0,0,0.00,0.00,62
2013,04,09,0,0,0,T,0.00,67
2013,04,10,0,1,0,0.49,0.00,65
2013,04,11,0,0,0,T,0.00,54
2013,04,12,0,1,0,0.63,0.00,44
2013,04,13,0,1,0,0.01,0.00,50
2013,04,14,0,1,0,0.00,0.00,52
2013,04,15,0,0,0,0.00,0.00,52
2013,04,16,0,0,0,0.00,0.00,55
2013,04,17,0,1,0,0.02,0.00,63
2013,04,18,0,1,0,0.01,0.00,55
2013,04,19,0,1,0,0.05,0.00,63
2013,04,20,0,1,0,0.06,0.00,52
2013,04,21,0,0,0,0.00,0.00,46
2013,04,22,0,0,0,0.00,0.00,48
2013,04,23,0,0,0,0.00,0.00,47
2013,04,24,0,0,0,0.00,0.00,57
2013,04,25,0,0,0,0.00,0.00,56
2013,04,26,0,0,0,0.00,0.00,59
2013,04,27,0,0,0,0.00,0.00,60
2013,04,28,0,0,0,0.00,0.00,60
2013,04,29,0,1,0,0.04,0.00,55
2013,04,30,0,0,0,0.00,0.00,60
2013,05,01,0,0,0,0.00,0.00,58
2013,05,02,0,0,0,0.00,0.00,61
2013,05,03,0,0,0,0.00,0.00,58
2013,05,04,0,0,0,0.00,0.00,59
2013,05,05,0,0,0,0.00,0.00,55
2013,05,06,0,0,0,0.00,0.00,58
2013,05,07,0,0,0,0.00,0.00,63
2013,05,08,1,1,0,3.02,0.00,59
2013,05,09,0,1,0,0.50,0.00,61
2013,05,10,0,0,0,0.01,0.00,69
2013,05,11,1,1,0,1.09,0.00,66
2013,05,12,0,1,0,T,0.00,61
2013,05,13,0,0,0,0.00,0.00,52
2013,05,14,0,0,0,0.00,0.00,52
2013,05,15,0,0,0,0.00,0.00,62
2013,05,16,0,0,0,0.00,0.00,71
2013,05,17,0,0,0,0.00,0.00,65
2013,05,18,0,0,0,0.01,0.00,61
2013,05,19,0,1,0,0.60,0.00,57
2013,05,20,1,0,0,0.00,0.00,69
2013,05,21,0,0,0,0.00,0.00,77
2013,05,22,0,0,0,0.00,0.00,69
2013,05,23,1,1,0,1.81,0.00,72
2013,05,24,0,1,0,0.30,0.00,55
2013,05,25,0,1,0,0.14,0.00,50
2013,05,26,0,0,0,0.00,0.00,57
2013,05,27,0,0,0,0.00,0.00,62
2013,05,28,1,1,0,0.52,0.00,62
2013,05,29,1,0,0,0.00,0.00,70
2013,05,30,0,0,0,0.00,0.00,81
2013,05,31,0,0,0,0.00,0.00,83
2013,06,01,0,0,0,0.00,0.00,82
2013,06,02,1,1,0,0.85,0.00,79
2013,06,03,1,1,0,0.87,0.00,72
2013,06,04,0,0,0,0.00,0.00,66
2013,06,05,0,0,0,0.00,0.00,66
2013,06,06,0,1,0,0.13,0.00,65
2013,06,07,1,1,0,4.16,0.00,61
2013,06,08,0,1,0,0.48,0.00,67
2013,06,09,0,0,0,0.00,0.00,72
2013,06,10,1,1,0,1.38,0.00,66
2013,06,11,0,1,0,0.09,0.00,72
2013,06,12,0,0,0,0.00,0.00,71
2013,06,13,1,1,0,1.26,0.00,62
2013,06,14,0,1,0,0.38,0.00,63
2013,06,15,0,0,0,0.00,0.00,71
2013,06,16,0,0,0,0.00,0.00,73
2013,06,17,0,1,0,0.01,0.00,77
2013,06,18,0,1,0,0.19,0.00,74
2013,06,19,0,1,0,0.01,0.00,68
2013,06,20,0,0,0,0.00,0.00,71
2013,06,21,0,0,0,0.00,0.00,73
2013,06,22,0,0,0,0.00,0.00,75
2013,06,23,0,0,0,0.00,0.00,79
2013,06,24,0,0,0,0.00,0.00,83
2013,06,25,0,0,0,T,0.00,82
2013,06,26,0,1,0,0.05,0.00,80
2013,06,27,0,1,0,0.24,0.00,80
2013,06,28,0,0,0,T,0.00,79
2013,06,29,0,0,0,0.00,0.00,77
2013,06,30,0,1,0,T,0.00,80
2013,07,01,1,1,0,0.84,0.00,75
2013,07,02,0,1,0,0.08,0.00,77
2013,07,03,1,1,0,0.53,0.00,78
2013,07,04,0,0,0,0.00,0.00,81
2013,07,05,0,0,0,0.00,0.00,83
2013,07,06,0,0,0,0.00,0.00,85
2013,07,07,0,0,0,0.00,0.00,85
2013,07,08,1,1,0,0.22,0.00,81
2013,07,09,0,1,0,0.23,0.00,81
2013,07,10,0,1,0,T,0.00,80
2013,07,11,0,0,0,T,0.00,80
2013,07,12,0,1,0,0.25,0.00,73
2013,07,13,0,1,0,0.06,0.00,74
2013,07,14,0,1,0,0.00,0.00,82
2013,07,15,0,0,0,0.00,0.00,86
2013,07,16,0,0,0,0.00,0.00,86
2013,07,17,0,0,0,0.00,0.00,88
2013,07,18,0,0,0,0.00,0.00,90
2013,07,19,0,0,0,0.00,0.00,90
2013,07,20,0,0,0,0.00,0.00,87
2013,07,21,0,0,0,0.00,0.00,83
2013,07,22,0,1,0,0.06,0.00,81
2013,07,23,0,1,0,0.31,0.00,80
2013,07,24,0,0,0,0.00,0.00,76
2013,07,25,0,1,0,0.01,0.00,66
2013,07,26,0,0,0,0.00,0.00,74
2013,07,27,0,0,0,0.00,0.00,76
2013,07,28,0,1,0,0.24,0.00,74
2013,07,29,0,1,0,0.01,0.00,77
2013,07,30,0,0,0,0.00,0.00,75
2013,07,31,0,0,0,0.00,0.00,75
2013,08,01,1,1,0,0.65,0.00,71
2013,08,02,0,0,0,0.00,0.00,75
2013,08,03,0,1,0,0.06,0.00,73
2013,08,04,0,0,0,0.00,0.00,73
2013,08,05,0,0,0,0.00,0.00,70
2013,08,06,0,0,0,0.00,0.00,73
2013,08,07,0,0,0,T,0.00,75
2013,08,08,1,1,0,0.46,0.00,76
2013,08,09,0,1,0,0.05,0.00,80
2013,08,10,0,0,0,0.00,0.00,77
2013,08,11,0,0,0,0.00,0.00,73
2013,08,12,0,1,0,0.05,0.00,76
2013,08,13,0,1,0,0.85,0.00,73
2013,08,14,0,0,0,0.00,0.00,68
2013,08,15,0,0,0,0.00,0.00,69
2013,08,16,0,0,0,0.00,0.00,73
2013,08,17,0,0,0,0.00,0.00,74
2013,08,18,0,0,0,T,0.00,72
2013,08,19,0,0,0,T,0.00,73
2013,08,20,0,0,0,0.00,0.00,78
2013,08,21,0,0,0,0.00,0.00,81
2013,08,22,0,1,0,0.25,0.00,75
2013,08,23,0,0,0,0.00,0.00,77
2013,08,24,0,0,0,0.00,0.00,73
2013,08,25,0,0,0,0.00,0.00,74
2013,08,26,0,1,0,0.04,0.00,76
2013,08,27,0,1,0,0.01,0.00,79
2013,08,28,1,1,0,0.43,0.00,79
2013,08,29,0,1,0,T,0.00,76
2013,08,30,0,0,0,0.00,0.00,78
2013,08,31,0,0,0,0.00,0.00,80
2013,09,01,0,0,0,0.00,0.00,80
2013,09,02,0,1,0,0.05,0.00,78
2013,09,03,0,1,0,0.03,0.00,75
2013,09,04,0,0,0,0.00,0.00,74
2013,09,05,0,0,0,0.00,0.00,72
2013,09,06,0,0,0,0.00,0.00,65
2013,09,07,0,0,0,0.00,0.00,70
2013,09,08,0,0,0,T,0.00,74
2013,09,09,0,0,0,0.00,0.00,65
2013,09,10,0,0,0,0.01,0.00,78
2013,09,11,0,0,0,0.00,0.00,87
2013,09,12,1,1,0,1.60,0.00,79
2013,09,13,0,1,0,0.06,0.00,68
2013,09,14,0,0,0,0.00,0.00,61
2013,09,15,0,0,0,0.00,0.00,62
2013,09,16,0,1,0,0.03,0.00,65
2013,09,17,0,0,0,0.00,0.00,58
2013,09,18,0,0,0,0.00,0.00,62
2013,09,19,0,0,0,0.00,0.00,67
2013,09,20,0,0,0,0.00,0.00,70
2013,09,21,0,1,0,0.72,0.00,69
2013,09,22,1,1,0,0.45,0.00,62
2013,09,23,0,0,0,0.00,0.00,58
2013,09,24,0,0,0,0.00,0.00,60
2013,09,25,0,0,0,0.00,0.00,63
2013,09,26,0,0,0,0.00,0.00,65
2013,09,27,0,0,0,0.00,0.00,63
2013,09,28,0,0,0,0.00,0.00,65
2013,09,29,0,0,0,0.00,0.00,65
2013,09,30,0,0,0,0.00,0.00,66
2013,10,01,0,0,0,0.00,0.00,71
2013,10,02,0,0,0,0.00,0.00,74
2013,10,03,0,0,0,0.00,0.00,71
2013,10,04,0,1,0,T,0.00,76
2013,10,05,0,0,0,0.00,0.00,70
2013,10,06,0,0,0,T,0.00,68
2013,10,07,0,1,0,0.25,0.00,68
2013,10,08,0,0,0,0.00,0.00,61
2013,10,09,0,0,0,0.00,0.00,58
2013,10,10,0,1,0,T,0.00,60
2013,10,11,0,1,0,0.02,0.00,64
2013,10,12,0,0,0,0.00,0.00,66
2013,10,13,0,0,0,0.00,0.00,61
2013,10,14,0,0,0,0.00,0.00,59
2013,10,15,0,0,0,0.00,0.00,63
2013,10,16,0,0,0,0.00,0.00,62
2013,10,17,0,1,0,0.02,0.00,67
2013,10,18,0,0,0,0.00,0.00,62
2013,10,19,0,0,0,0.01,0.00,58
2013,10,20,0,0,0,0.00,0.00,57
2013,10,21,0,0,0,0.00,0.00,58
2013,10,22,0,0,0,0.00,0.00,59
2013,10,23,0,0,0,0.00,0.00,50
2013,10,24,0,0,0,0.00,0.00,48
2013,10,25,0,0,0,0.00,0.00,47
2013,10,26,0,0,0,0.00,0.00,48
2013,10,27,0,0,0,0.00,0.00,52
2013,10,28,0,0,0,0.00,0.00,52
2013,10,29,0,0,0,0.00,0.00,50
2013,10,30,0,0,0,0.00,0.00,54
2013,10,31,0,1,0,0.06,0.00,60
2013,11,01,0,1,0,0.13,0.00,65
2013,11,02,0,0,0,0.00,0.00,62
2013,11,03,0,0,0,0.00,0.00,46
2013,11,04,0,0,0,0.00,0.00,41
2013,11,05,0,0,0,0.00,0.00,48
2013,11,06,0,0,0,0.00,0.00,55
2013,11,07,0,1,0,0.13,0.00,54
2013,11,08,0,0,0,0.00,0.00,45
2013,11,09,0,0,0,0.00,0.00,44
2013,11,10,0,0,0,T,0.00,53
2013,11,11,0,0,0,0.00,0.00,48
2013,11,12,0,1,1,0.03,T,42
2013,11,13,0,0,0,0.00,0.00,34
2013,11,14,0,0,0,0.00,0.00,43
2013,11,15,0,0,0,0.00,0.00,51
2013,11,16,0,1,0,0.05,0.00,53
2013,11,17,0,1,0,0.03,0.00,56
2013,11,18,0,1,0,0.22,0.00,58
2013,11,19,0,0,0,0.00,0.00,44
2013,11,20,0,0,0,0.00,0.00,38
2013,11,21,0,0,0,0.00,0.00,44
2013,11,22,0,1,0,0.07,0.00,54
2013,11,23,1,0,1,T,T,43
2013,11,24,0,0,0,0.00,0.00,27
2013,11,25,0,0,0,0.00,0.00,29
2013,11,26,0,1,0,0.51,T,40
2013,11,27,0,1,0,1.98,0.00,49
2013,11,28,0,0,0,0.00,0.00,33
2013,11,29,0,0,0,0.00,0.00,34
2013,11,30,0,0,0,0.00,0.00,32
2013,12,01,0,0,0,0.00,0.00,43
2013,12,02,0,0,0,0.00,0.00,45
2013,12,03,0,0,0,0.00,0.00,46
2013,12,04,0,0,0,0.00,0.00,47
2013,12,05,1,1,0,0.01,0.00,54
2013,12,06,0,1,0,0.73,0.00,50
2013,12,07,0,1,0,0.14,T,37
2013,12,08,0,1,1,0.08,0.10,31
2013,12,09,0,1,1,0.30,T,35
2013,12,10,1,0,1,0.23,1.40,34
2013,12,11,0,0,0,0.00,0.00,30
2013,12,12,0,0,0,0.00,0.00,27
2013,12,13,0,0,0,0.00,0.00,29
2013,12,14,1,1,1,0.73,5.00,28
2013,12,15,0,1,0,0.72,0.00,35
2013,12,16,0,0,0,0.00,0.00,29
2013,12,17,1,1,1,0.19,1.10,28
2013,12,18,0,0,0,0.00,0.00,30
2013,12,19,0,0,0,0.00,0.00,39
2013,12,20,0,0,0,0.00,0.00,47
2013,12,21,0,0,0,0.01,0.00,58
2013,12,22,0,0,0,T,0.00,66
2013,12,23,0,1,0,0.51,0.00,53
2013,12,24,0,0,0,T,T,34
2013,12,25,0,0,0,0.00,0.00,25
2013,12,26,0,0,0,T,T,33
2013,12,27,0,0,0,0.00,0.00,36
2013,12,28,0,0,0,0.00,0.00,46
2013,12,29,0,1,0,1.20,0.00,45
2013,12,30,0,0,0,0.00,0.00,34
2013,12,31,0,0,0,T,T,27
2014,01,01,0,0,0,0.00,0.00,29
2014,01,02,1,0,1,0.33,3.10,26
2014,01,03,0,0,1,0.29,3.30,14
2014,01,04,0,0,0,0.00,0.00,19
2014,01,05,1,1,0,0.14,T,34
2014,01,06,1,1,0,0.36,0.00,37
2014,01,07,0,0,0,0.00,0.00,12
2014,01,08,0,0,0,0.00,0.00,16
2014,01,09,0,0,0,0.00,0.00,27
2014,01,10,0,1,1,0.11,T,34
2014,01,11,1,1,0,0.50,0.00,48
2014,01,12,0,1,0,0.05,0.00,46
2014,01,13,0,0,0,0.00,0.00,44
2014,01,14,0,1,0,0.38,0.00,48
2014,01,15,0,0,0,0.00,0.00,40
2014,01,16,0,0,0,T,0.00,38
2014,01,17,0,0,0,0.00,0.00,39
2014,01,18,0,0,0,0.10,T,34
2014,01,19,0,0,0,0.00,0.00,31
2014,01,20,0,0,0,0.00,0.00,40
2014,01,21,0,0,0,0.00,11.00,23
2014,01,22,0,0,0,0.02,0.50,13
2014,01,23,0,0,0,0.00,0.00,14
2014,01,24,0,0,0,0.00,0.00,15
2014,01,25,0,0,1,0.04,1.00,24
2014,01,26,0,0,0,T,T,26
2014,01,27,0,0,0,0.00,0.00,33
2014,01,28,0,0,0,0.00,0.00,17
2014,01,29,0,0,1,0.04,0.80,19
2014,01,30,0,0,0,0.00,0.00,23
2014,01,31,0,0,0,0.00,0.00,32
2014,02,01,0,0,0,0.00,0.00,41
2014,02,02,0,0,0,T,0.00,48
2014,02,03,1,1,1,1.17,8.00,38
2014,02,04,0,0,0,0.00,0.00,29
2014,02,05,1,1,1,1.43,4.00,32
2014,02,06,0,0,0,0.00,0.00,27
2014,02,07,0,0,0,0.00,0.00,28
2014,02,08,0,0,0,0.00,0.00,25
2014,02,09,1,0,1,0.10,1.20,26
2014,02,10,0,0,0,0.00,0.00,25
2014,02,11,0,0,0,0.00,0.00,21
2014,02,12,0,0,0,0.00,0.00,19
2014,02,13,1,1,1,1.78,9.50,30
2014,02,14,1,1,1,0.30,3.00,36
2014,02,15,1,0,1,0.13,1.60,32
2014,02,16,0,0,0,0.00,0.00,26
2014,02,17,0,0,0,0.00,0.00,25
2014,02,18,1,0,1,0.16,1.50,33
2014,02,19,0,1,0,0.26,0.00,40
2014,02,20,0,1,0,0.03,0.00,44
2014,02,21,1,1,0,0.09,0.00,43
2014,02,22,0,0,0,0.00,0.00,47
2014,02,23,0,0,0,T,0.00,49
2014,02,24,0,0,0,0.00,0.00,36
2014,02,25,0,0,0,0.00,0.00,29
2014,02,26,0,0,1,0.03,0.20,26
2014,02,27,0,0,0,0.00,0.00,24
2014,02,28,0,0,0,0.00,0.00,17
2014,03,01,0,0,0,0.00,0.00,29
2014,03,02,0,0,0,T,T,36
2014,03,03,0,0,1,0.04,0.10,25
2014,03,04,0,0,0,0.00,0.00,21
2014,03,05,0,0,0,0.00,0.00,33
2014,03,06,0,0,0,0.00,0.00,24
2014,03,07,0,0,0,0.00,0.00,32
2014,03,08,0,0,0,0.00,0.00,46
2014,03,09,0,0,0,0.00,0.00,40
2014,03,10,0,0,1,T,T,44
2014,03,11,0,0,0,0.00,0.00,56
2014,03,12,0,1,0,0.35,0.00,44
2014,03,13,0,0,0,0.00,0.00,26
2014,03,14,0,0,0,0.00,0.00,34
2014,03,15,0,0,0,0.00,0.00,50
2014,03,16,0,0,0,0.00,0.00,36
2014,03,17,0,0,0,0.00,0.00,29
2014,03,18,0,0,0,0.00,0.00,36
2014,03,19,0,1,0,0.92,0.00,39
2014,03,20,0,1,0,0.00,0.00,47
2014,03,21,0,0,0,0.00,0.00,45
2014,03,22,0,0,0,0.00,0.00,52
2014,03,23,0,0,0,0.00,0.00,35
2014,03,24,0,0,0,0.00,0.00,28
2014,03,25,0,0,0,T,T,33
2014,03,26,0,0,0,0.00,0.00,30
2014,03,27,0,0,0,0.00,0.00,33
2014,03,28,0,1,0,0.04,0.00,50
2014,03,29,0,1,0,1.81,0.00,51
2014,03,30,0,1,0,0.35,0.00,44
2014,03,31,0,1,1,0.16,T,46
2014,04,01,0,0,0,0.00,0.00,50
2014,04,02,0,0,0,0.00,0.00,48
2014,04,03,0,1,0,0.07,0.00,57
2014,04,04,0,1,0,0.21,0.00,44
2014,04,05,0,1,0,0.00,0.00,47
2014,04,06,0,0,0,0.00,0.00,49
2014,04,07,0,1,0,0.52,0.00,48
2014,04,08,1,1,0,0.34,0.00,55
2014,04,09,0,0,0,0.00,0.00,53
2014,04,10,0,0,0,0.00,0.00,50
2014,04,11,0,0,0,0.00,0.00,66
2014,04,12,0,0,0,0.00,0.00,62
2014,04,13,0,0,0,0.00,0.00,66
2014,04,14,0,0,0,0.00,0.00,67
2014,04,15,0,1,1,0.71,T,48
2014,04,16,0,1,1,0.05,T,40
2014,04,17,0,0,0,0.00,0.00,42
2014,04,18,0,0,0,0.00,0.00,42
2014,04,19,0,0,0,0.00,0.00,55
2014,04,20,0,0,0,0.00,0.00,53
2014,04,21,0,0,0,0.00,0.00,54
2014,04,22,0,1,0,0.01,0.00,61
2014,04,23,0,0,0,0.00,0.00,53
2014,04,24,0,0,0,0.00,0.00,52
2014,04,25,0,1,0,0.02,0.00,54
2014,04,26,0,1,0,0.92,0.00,57
2014,04,27,0,0,0,0.00,0.00,53
2014,04,28,0,0,0,0.00,0.00,56
2014,04,29,0,1,0,0.03,0.00,48
2014,04,30,0,1,0,4.97,0.00,47
2014,05,01,1,1,0,0.12,0.00,65
2014,05,02,0,0,0,T,0.00,63
2014,05,03,0,1,0,0.08,0.00,63
2014,05,04,0,0,0,0.02,0.00,60
2014,05,05,0,0,0,0.00,0.00,60
2014,05,06,0,0,0,0.00,0.00,62
2014,05,07,0,0,0,0.00,0.00,60
2014,05,08,0,1,0,0.41,0.00,56
2014,05,09,0,1,0,0.04,0.00,59
2014,05,10,1,1,0,0.37,0.00,70
2014,05,11,0,1,0,0.03,0.00,71
2014,05,12,0,0,0,0.00,0.00,75
2014,05,13,0,0,0,0.00,0.00,63
2014,05,14,0,0,0,0.01,0.00,62
2014,05,15,0,1,0,0.15,0.00,65
2014,05,16,0,1,0,1.54,0.00,63
2014,05,17,0,0,0,0.00,0.00,62
2014,05,18,0,0,0,0.00,0.00,59
2014,05,19,0,0,0,0.00,0.00,61
2014,05,20,0,0,0,0.00,0.00,66
2014,05,21,0,0,0,0.00,0.00,69
2014,05,22,0,1,0,0.24,0.00,63
2014,05,23,1,1,0,0.91,0.00,64
2014,05,24,0,1,0,0.40,0.00,64
2014,05,25,0,0,0,0.00,0.00,68
2014,05,26,0,0,0,0.00,0.00,76
2014,05,27,0,0,0,T,0.00,75
2014,05,28,0,0,0,0.00,0.00,59
2014,05,29,0,0,0,0.00,0.00,59
2014,05,30,0,0,0,T,0.00,65
2014,05,31,0,1,0,0.05,0.00,65
2014,06,01,0,0,0,0.00,0.00,66
2014,06,02,0,0,0,0.00,0.00,70
2014,06,03,0,1,0,0.12,0.00,76
2014,06,04,0,0,0,0.00,0.00,73
2014,06,05,0,1,0,0.87,0.00,69
2014,06,06,0,0,0,0.00,0.00,69
2014,06,07,0,0,0,0.00,0.00,71
2014,06,08,0,0,0,0.00,0.00,76
2014,06,09,1,1,0,1.60,0.00,68
2014,06,10,0,0,0,0.00,0.00,71
2014,06,11,0,1,0,0.02,0.00,66
2014,06,12,0,1,0,0.07,0.00,67
2014,06,13,1,1,0,1.28,0.00,72
2014,06,14,0,0,0,0.00,0.00,67
2014,06,15,0,0,0,0.00,0.00,70
2014,06,16,0,0,0,0.00,0.00,72
2014,06,17,0,0,0,0.00,0.00,80
2014,06,18,0,0,0,0.00,0.00,83
2014,06,19,0,1,0,0.15,0.00,73
2014,06,20,0,0,0,0.00,0.00,72
2014,06,21,0,0,0,0.00,0.00,70
2014,06,22,0,0,0,0.00,0.00,72
2014,06,23,0,0,0,0.00,0.00,73
2014,06,24,0,0,0,0.00,0.00,75
2014,06,25,0,1,0,0.08,0.00,78
2014,06,26,0,1,0,0.07,0.00,78
2014,06,27,0,0,0,0.00,0.00,75
2014,06,28,0,0,0,0.00,0.00,77
2014,06,29,0,0,0,0.00,0.00,76
2014,06,30,0,0,0,0.00,0.00,77
2014,07,01,0,0,0,0.00,0.00,81
2014,07,02,1,1,0,0.96,0.00,82
2014,07,03,1,1,0,1.78,0.00,78
2014,07,04,0,1,0,0.14,0.00,70
2014,07,05,0,0,0,0.00,0.00,72
2014,07,06,0,0,0,0.00,0.00,75
2014,07,07,0,0,0,0.04,0.00,81
2014,07,08,0,1,0,0.39,0.00,81
2014,07,09,0,1,0,0.09,0.00,80
2014,07,10,0,0,0,0.00,0.00,78
2014,07,11,0,0,0,0.00,0.00,79
2014,07,12,0,0,0,0.00,0.00,78
2014,07,13,0,1,0,0.03,0.00,78
2014,07,14,0,1,0,0.46,0.00,78
2014,07,15,1,1,0,1.30,0.00,79
2014,07,16,0,0,0,T,0.00,75
2014,07,17,0,0,0,0.00,0.00,74
2014,07,18,0,0,0,0.00,0.00,73
2014,07,19,0,0,0,0.00,0.00,72
2014,07,20,0,0,0,T,0.00,72
2014,07,21,0,0,0,0.00,0.00,76
2014,07,22,0,0,0,0.00,0.00,79
2014,07,23,0,1,0,0.19,0.00,80
2014,07,24,0,0,0,0.00,0.00,75
2014,07,25,0,0,0,0.00,0.00,74
2014,07,26,0,0,0,0.00,0.00,75
2014,07,27,0,1,0,0.02,0.00,78
2014,07,28,0,1,0,0.19,0.00,75
2014,07,29,0,0,0,0.00,0.00,70
2014,07,30,0,0,0,0.00,0.00,72
2014,07,31,0,0,0,0.00,0.00,75
2014,08,01,0,0,0,0.00,0.00,78
2014,08,02,0,1,0,0.41,0.00,69
2014,08,03,0,1,0,0.07,0.00,71
2014,08,04,0,0,0,0.00,0.00,77
2014,08,05,0,0,0,0.00,0.00,81
2014,08,06,0,0,0,0.00,0.00,77
2014,08,07,0,0,0,0.00,0.00,75
2014,08,08,0,0,0,0.00,0.00,74
2014,08,09,0,0,0,0.00,0.00,77
2014,08,10,0,0,0,0.00,0.00,78
2014,08,11,0,0,0,0.00,0.00,79
2014,08,12,0,1,0,0.19,0.00,75
2014,08,13,0,1,0,0.53,0.00,75
2014,08,14,0,0,0,0.00,0.00,70
2014,08,15,0,0,0,0.00,0.00,67
2014,08,16,0,0,0,0.00,0.00,71
2014,08,17,0,0,0,0.01,0.00,74
2014,08,18,0,0,0,0.00,0.00,72
2014,08,19,0,0,0,0.00,0.00,73
2014,08,20,0,0,0,0.00,0.00,77
2014,08,21,0,1,0,0.35,0.00,74
2014,08,22,0,1,0,0.06,0.00,72
2014,08,23,0,0,0,0.01,0.00,72
2014,08,24,0,0,0,0.00,0.00,72
2014,08,25,0,0,0,0.00,0.00,76
2014,08,26,0,0,0,0.00,0.00,80
2014,08,27,0,0,0,0.00,0.00,80
2014,08,28,0,0,0,0.00,0.00,74
2014,08,29,0,0,0,0.00,0.00,71
2014,08,30,0,0,0,0.00,0.00,73
2014,08,31,1,1,0,0.62,0.00,82
2014,09,01,0,0,0,0.00,0.00,82
2014,09,02,0,0,0,0.00,0.00,85
2014,09,03,0,0,0,0.00,0.00,79
2014,09,04,0,0,0,0.00,0.00,78
2014,09,05,0,0,0,0.00,0.00,80
2014,09,06,0,1,0,0.11,0.00,79
2014,09,07,0,0,0,0.00,0.00,73
2014,09,08,0,0,0,0.00,0.00,70
2014,09,09,0,0,0,0.00,0.00,68
2014,09,10,0,0,0,0.00,0.00,72
2014,09,11,0,0,0,0.00,0.00,76
2014,09,12,0,0,0,0.00,0.00,70
2014,09,13,0,1,0,0.26,0.00,64
2014,09,14,0,0,0,0.00,0.00,62
2014,09,15,0,0,0,0.00,0.00,63
2014,09,16,0,1,0,0.37,0.00,64
2014,09,17,0,0,0,0.00,0.00,64
2014,09,18,0,0,0,0.00,0.00,67
2014,09,19,0,0,0,0.00,0.00,60
2014,09,20,0,0,0,0.00,0.00,66
2014,09,21,0,1,0,0.15,0.00,71
2014,09,22,0,1,0,T,0.00,63
2014,09,23,0,0,0,0.00,0.00,62
2014,09,24,0,0,0,0.00,0.00,65
2014,09,25,0,1,0,0.32,0.00,61
2014,09,26,0,0,0,0.00,0.00,68
2014,09,27,0,0,0,0.00,0.00,72
2014,09,28,0,0,0,0.00,0.00,74
2014,09,29,0,0,0,0.00,0.00,73
2014,09,30,0,1,0,T,0.00,67
2014,10,01,0,1,0,0.02,0.00,63
2014,10,02,0,0,0,0.00,0.00,66
2014,10,03,0,0,0,0.00,0.00,64
2014,10,04,1,1,0,1.18,0.00,61
2014,10,05,0,0,0,0.00,0.00,54
2014,10,06,0,0,0,0.00,0.00,60
2014,10,07,0,1,0,0.06,0.00,67
2014,10,08,0,1,0,0.04,0.00,68
2014,10,09,0,0,0,0.00,0.00,62
2014,10,10,0,0,0,T,0.00,58
2014,10,11,0,1,0,0.33,0.00,55
2014,10,12,0,0,0,0.00,0.00,56
2014,10,13,0,1,0,0.05,0.00,59
2014,10,14,0,0,0,0.00,0.00,70
2014,10,15,1,1,0,0.69,0.00,73
2014,10,16,1,1,0,1.11,0.00,66
2014,10,17,0,0,0,0.00,0.00,65
2014,10,18,0,0,0,0.00,0.00,63
2014,10,19,0,0,0,0.00,0.00,50
2014,10,20,0,0,0,0.00,0.00,51
2014,10,21,0,1,0,0.11,0.00,61
2014,10,22,0,1,0,1.51,0.00,54
2014,10,23,0,1,0,0.61,0.00,52
2014,10,24,0,0,0,0.00,0.00,57
2014,10,25,0,0,0,0.01,0.00,59
2014,10,26,0,1,0,T,0.00,58
2014,10,27,0,0,0,0.00,0.00,56
2014,10,28,0,0,0,0.00,0.00,63
2014,10,29,0,1,0,T,0.00,62
2014,10,30,0,0,0,0.00,0.00,53
2014,10,31,0,1,0,0.05,0.00,50
2014,11,01,0,1,0,0.35,0.00,45
2014,11,02,0,0,0,0.00,0.00,45
2014,11,03,0,0,0,0.00,0.00,50
2014,11,04,0,0,0,0.00,0.00,61
2014,11,05,0,0,0,0.00,0.00,60
2014,11,06,0,1,0,0.37,0.00,53
2014,11,07,0,0,0,0.00,0.00,47
2014,11,08,0,0,0,0.00,0.00,42
2014,11,09,0,0,0,0.00,0.00,52
2014,11,10,0,0,0,0.00,0.00,53
2014,11,11,0,0,0,0.00,0.00,57
2014,11,12,1,0,0,0.00,0.00,56
2014,11,13,0,1,0,0.20,T,42
2014,11,14,0,0,0,0.06,T,39
2014,11,15,0,0,0,0.00,0.00,38
2014,11,16,0,1,0,0.03,0.00,40
2014,11,17,1,1,0,1.54,0.00,46
2014,11,18,0,0,0,0.00,0.00,35
2014,11,19,0,0,0,0.00,0.00,29
2014,11,20,0,0,0,0.00,0.00,38
2014,11,21,0,0,0,0.00,0.00,33
2014,11,22,0,0,0,0.00,0.00,36
2014,11,23,0,0,0,0.00,0.00,50
2014,11,24,0,1,0,0.70,0.00,61
2014,11,25,0,0,0,0.00,0.00,60
2014,11,26,0,1,1,1.24,0.20,43
2014,11,27,0,0,1,0.02,T,36
2014,11,28,0,0,0,0.00,0.00,33
2014,11,29,0,0,0,0.00,0.00,36
2014,11,30,0,0,0,0.00,0.00,50
2014,12,01,0,1,0,0.09,0.00,54
2014,12,02,0,1,0,0.08,0.00,39
2014,12,03,0,1,0,0.06,0.00,44
2014,12,04,0,0,0,0.00,0.00,41
2014,12,05,0,1,0,0.51,0.00,39
2014,12,06,0,1,0,1.22,0.00,45
2014,12,07,0,1,0,0.04,0.00,36
2014,12,08,0,0,0,0.00,0.00,31
2014,12,09,0,1,0,2.54,0.00,39
2014,12,10,0,1,1,0.08,0.50,36
2014,12,11,0,0,1,0.01,T,35
2014,12,12,0,0,0,0.00,0.00,35
2014,12,13,0,0,0,0.00,0.00,39
2014,12,14,0,0,0,0.00,0.00,42
2014,12,15,0,0,0,0.00,0.00,43
2014,12,16,0,1,0,0.20,0.00,44
2014,12,17,0,1,0,0.02,0.00,48
2014,12,18,0,0,0,0.00,0.00,40
2014,12,19,0,0,0,0.00,0.00,35
2014,12,20,0,0,0,0.00,0.00,32
2014,12,21,0,0,1,T,T,34
2014,12,22,0,1,0,0.04,0.00,40
2014,12,23,0,1,0,0.16,0.00,45
2014,12,24,0,1,0,0.80,0.00,51
2014,12,25,0,1,0,0.09,0.00,53
2014,12,26,0,0,0,0.00,0.00,45
2014,12,27,0,0,0,0.00,0.00,50
2014,12,28,0,1,0,0.10,0.00,49
2014,12,29,0,0,0,0.00,0.00,39
2014,12,30,0,0,0,0.00,0.00,31
2014,12,31,0,0,0,0.00,0.00,30
2015,01,01,0,0,0,0.00,0.00,33
2015,01,02,0,0,0,0.00,0.00,39
2015,01,03,0,1,1,0.71,T,38
2015,01,04,0,1,0,0.30,0.00,49
2015,01,05,0,0,0,0.00,0.00,35
2015,01,06,0,0,1,0.05,0.50,21
2015,01,07,0,0,0,0.00,0.00,16
2015,01,08,0,0,0,0.00,0.00,15
2015,01,09,0,0,1,0.07,1.50,26
2015,01,10,0,0,0,0.00,0.00,20
2015,01,11,0,0,0,0.00,0.00,28
2015,01,12,0,1,0,0.36,T,37
2015,01,13,0,0,0,0.00,0.00,27
2015,01,14,0,0,0,0.00,0.00,24
2015,01,15,0,0,0,0.00,0.00,30
2015,01,16,0,0,0,0.00,0.00,32
2015,01,17,0,0,0,0.00,0.00,25
2015,01,18,1,1,0,2.10,0.00,37
2015,01,19,0,0,0,0.00,0.00,39
2015,01,20,0,0,0,0.00,0.00,36
2015,01,21,0,0,0,0.00,0.00,31
2015,01,22,0,0,0,0.00,0.00,36
2015,01,23,0,0,0,0.00,0.00,34
2015,01,24,1,1,1,0.72,2.50,36
2015,01,25,0,0,0,0.00,0.00,37
2015,01,26,1,0,1,0.48,5.50,27
2015,01,27,1,0,1,0.36,4.30,25
2015,01,28,0,0,0,0.00,0.00,25
2015,01,29,0,0,1,0.02,T,28
2015,01,30,0,0,1,0.06,1.00,29
2015,01,31,0,0,0,0.00,0.00,20
2015,02,01,0,0,1,0.03,0.30,28
2015,02,02,1,1,1,1.02,3.30,24
2015,02,03,0,0,0,0.00,0.00,20
2015,02,04,0,0,0,0.00,0.00,34
2015,02,05,0,0,0,0.00,0.00,28
2015,02,06,0,0,0,0.00,0.00,20
2015,02,07,0,0,1,0.02,T,33
2015,02,08,0,0,0,0.00,0.00,33
2015,02,09,0,0,0,0.09,T,27
2015,02,10,0,0,1,0.01,0.10,33
2015,02,11,0,0,0,0.00,0.00,28
2015,02,12,0,0,1,T,T,28
2015,02,13,0,0,0,0.00,0.00,15
2015,02,14,0,0,1,0.02,0.90,24
2015,02,15,0,0,1,T,T,15
2015,02,16,0,0,0,0.00,0.00,12
2015,02,17,0,0,1,0.14,3.30,21
2015,02,18,0,0,1,T,T,26
2015,02,19,0,0,0,0.00,0.00,18
2015,02,20,0,0,0,0.00,0.00,11
2015,02,21,1,1,1,0.61,3.00,23
2015,02,22,0,1,1,0.10,1.00,38
2015,02,23,0,0,0,0.00,0.00,23
2015,02,24,0,0,0,0.00,0.00,14
2015,02,25,0,0,0,0.00,0.00,29
2015,02,26,0,0,0,0.00,0.00,27
2015,02,27,0,0,0,0.00,0.00,24
2015,02,28,0,0,0,0.00,0.00,21
2015,03,01,1,0,1,0.52,4.80,28
2015,03,02,0,0,0,0.00,0.00,33
2015,03,03,0,1,1,0.67,1.80,30
2015,03,04,0,1,0,0.25,0.00,40
2015,03,05,1,1,1,0.76,7.50,30
2015,03,06,0,0,0,0.00,0.00,20
2015,03,07,0,0,0,0.00,0.00,28
2015,03,08,0,0,0,0.00,0.00,43
2015,03,09,0,1,0,0.01,0.00,47
2015,03,10,0,1,0,0.46,0.00,46
2015,03,11,0,1,0,0.01,0.00,52
2015,03,12,0,0,0,0.00,0.00,42
2015,03,13,0,0,0,0.00,0.00,37
2015,03,14,0,1,0,0.81,0.00,46
2015,03,15,0,0,0,0.00,0.00,40
2015,03,16,0,0,0,0.00,0.00,44
2015,03,17,0,1,0,0.02,0.00,46
2015,03,18,0,0,0,0.00,0.00,34
2015,03,19,0,0,0,0.00,0.00,36
2015,03,20,1,0,1,0.40,4.50,34
2015,03,21,0,0,0,T,T,38
2015,03,22,0,0,0,0.00,0.00,36
2015,03,23,0,0,0,0.00,0.00,31
2015,03,24,0,0,0,0.00,0.00,36
2015,03,25,0,1,0,0.05,0.00,42
2015,03,26,0,1,0,0.32,0.00,52
2015,03,27,0,1,0,0.27,0.00,43
2015,03,28,0,0,1,T,T,33
2015,03,29,0,0,0,0.00,0.00,36
2015,03,30,0,0,1,T,T,45
2015,03,31,0,1,0,0.17,T,41
2015,04,01,0,0,0,0.00,0.00,42
2015,04,02,0,0,0,0.00,0.00,54
2015,04,03,0,1,0,0.04,0.00,62
2015,04,04,0,1,0,0.01,0.00,51
2015,04,05,0,0,0,0.00,0.00,52
2015,04,06,0,0,0,0.00,0.00,53
2015,04,07,0,1,0,0.15,0.00,52
2015,04,08,0,0,0,0.00,0.00,41
2015,04,09,0,0,0,0.00,0.00,40
